ccn,cms_name,cms_name_as_of,state,hospital_type,ownership,beds,latitude,longitude,prior_names
020001,PROVIDENCE ALASKA MEDICAL CENTER,2023-10,AK,Acute Care,Voluntary non-profit - Church,394.0,61.189798,-149.817622,
020006,MAT-SU REGIONAL MEDICAL CENTER,2023-10,AK,Acute Care,Voluntary non-profit - Private,90.0,61.561217,-149.258718,
020008,BARTLETT REGIONAL HOSPITAL,2023-10,AK,Acute Care,Government - Local,58.0,58.328696,-134.466829,
020012,FAIRBANKS MEMORIAL HOSPITAL,2023-10,AK,Acute Care,Voluntary non-profit - Other,213.0,64.831407,-147.736254,
020017,ALASKA REGIONAL HOSPITAL,2023-10,AK,Acute Care,Proprietary,169.0,61.20979,-149.827379,
020018,YUKON KUSKOKWIM DELTA REG HOSPITAL,2023-10,AK,Acute Care,Tribal,34.0,,,
020024,CENTRAL PENINSULA GENERAL HOSPITAL,2023-10,AK,Acute Care,Voluntary non-profit - Other,186.0,60.493865,-151.077658,
020026,ALASKA NATIVE MEDICAL CENTER,2023-10,AK,Acute Care,Government - Federal,163.0,61.18189,-149.800578,
020027,MT EDGECUMBE HOSPITAL,2016-11,AK,Acute Care,Voluntary non-profit - Private,26.0,,,
021301,PROVIDENCE VALDEZ MEDICAL CENTER,2023-10,AK,Critical Access,Government - Local,21.0,,,
021302,PROVIDENCE SEWARD HOSPITAL,2023-10,AK,Critical Access,Government - Local,46.0,60.105046,-149.445383,
021303,SITKA COMMUNITY HOSPITAL,2020-01,AK,Critical Access,Government - Local,26.0,,,
021304,PETERSBURG MEDICAL CENTER,2023-10,AK,Critical Access,Government - Local,27.0,,,
021305,SEARHC WRANGELL MEDICAL CENTER-CAH,2023-10,AK,Critical Access,Government - Local,22.0,56.471646,-132.376414,WRANGELL MEDICAL CENTER
021306,PROVIDENCE KODIAK ISLAND MEDICAL CTR,2023-10,AK,Critical Access,Voluntary non-profit - Church,46.0,57.800835,-152.373943,
021307,CORDOVA COMMUNITY MEDICAL CENTER,2023-10,AK,Critical Access,Government - Local,23.0,,,
021308,NORTON SOUND REGIONAL HOSPITAL,2023-10,AK,Critical Access,Tribal,36.0,,,
021309,BRISTOL BAY AREA HEALTH CORPORATION,2023-10,AK,Critical Access,Voluntary non-profit - Private,16.0,,,KANAKANAK HOSPITAL
021310,MANIILAQ HEALTH CENTER,2023-10,AK,Critical Access,Tribal,17.0,,,
021311,PEACEHEALTH KETCHIKAN MEDICAL CENTER,2023-10,AK,Critical Access,Voluntary non-profit - Church,51.0,55.352717,-131.686049,KETCHIKAN MEDICAL CENTER
021312,SAMUEL SIMMONDS MEMORIAL HOSPITAL,2023-10,AK,Critical Access,Government - Federal,16.0,71.298135,-156.72732,
021313,SOUTH PENINSULA HOSPITAL,2023-10,AK,Critical Access,Voluntary non-profit - Private,49.0,59.652133,-151.550296,
021314,SOUTHEAST ALASKA REGIONAL HEALTH CONSORTIUM,2023-10,AK,Critical Access,Voluntary non-profit - Private,26.0,57.05201,-135.356353,MT EDGECUMBE HOSPITAL
130002,ST LUKES MAGIC VALLEY MEDICAL CENTER,2023-10,ID,Acute Care,Voluntary non-profit - Private,205.0,42.591595,-114.496998,ST LUKE'S MAGIC VALLEY RMC | ST LUKES MAGIC VALLEY RMC
130003,ST JOSEPH REGIONAL MEDICAL CENTER,2023-10,ID,Acute Care,Voluntary non-profit - Private,122.0,46.417121,-117.024997,
130006,ST LUKE'S REGIONAL MEDICAL CENTER,2023-10,ID,Acute Care,Voluntary non-profit - Private,569.0,43.612157,-116.192202,ST LUKES REGIONAL MEDICAL CENTER
130007,SAINT ALPHONSUS REGIONAL MEDICAL CENTER,2023-10,ID,Acute Care,Voluntary non-profit - Church,380.0,43.614072,-116.253622,ST ALPHONSUS REGIONAL MEDICAL CENTER
130013,SAINT ALPHONSUS MEDICAL CENTER - NAMPA,2023-10,ID,Acute Care,Voluntary non-profit - Church,128.0,43.596332,-116.519174,
130014,WEST VALLEY MEDICAL CENTER,2023-10,ID,Acute Care,Proprietary,108.0,43.65422,-116.69564,
130018,EASTERN IDAHO REGIONAL MEDICAL CENTER,2023-10,ID,Acute Care,Proprietary,313.0,43.470276,-111.990159,
130025,MADISON MEMORIAL HOSPITAL,2023-10,ID,Acute Care,Government - Local,68.0,43.826051,-111.773148,
130028,PORTNEUF MEDICAL CENTER,2023-10,ID,Acute Care,Proprietary,168.0,42.872621,-112.4189,
130049,KOOTENAI HEALTH,2023-10,ID,Acute Care,Government - Hospital District or Authority,286.0,47.694597,-116.792669,KOOTENAI MEDICAL CENTER
130063,TREASURE VALLEY HOSPITAL,2023-10,ID,Acute Care,Proprietary,11.0,43.611289,-116.290332,
130065,MOUNTAIN VIEW HOSPITAL,2023-10,ID,Acute Care,Proprietary,41.0,43.472524,-111.988717,
130066,NORTHWEST SPECIALTY HOSPITAL,2023-10,ID,Acute Care,Proprietary,34.0,47.71441,-116.924455,
130067,IDAHO DOCTORS HOSPITAL,2019-10,ID,Acute Care,Proprietary,8.0,,,
130071,ST LUKE'S NAMPA MEDICAL CENTER,2023-10,ID,Acute Care,Voluntary non-profit - Private,82.0,43.616618,-116.590734,
130072,SAINT ALPHONSUS NEIGHBORHOOD HOSPITAL- SOUTH NAMPA,2019-10,ID,Acute Care,Proprietary,8.0,,,SAINT ALPHONSUS NEIGHBORHOOD HOSPITAL OF SOUNT NAMPA
130073,GROVE CREEK MEDICAL CENTER,2023-10,ID,Acute Care,Voluntary non-profit - Private,8.0,43.196301,-112.356124,
130074,"IDAHO FALLS COMMUNITY HOSPITAL, LLC",2023-10,ID,Acute Care,Proprietary,88.0,,,
131301,BOUNDARY COMMUNITY HOSPITAL,2023-10,ID,Critical Access,Voluntary non-profit - Other,50.0,48.70257,-116.322084,
131302,NORTH CANYON MEDICAL CENTER,2023-10,ID,Critical Access,Voluntary non-profit - Private,16.0,42.921869,-114.711128,
131303,NELL J REDFIELD MEMORIAL HOSPITAL,2023-10,ID,Critical Access,Government - Local,45.0,42.189638,-112.250759,ONEIDA COUNTY HOSPITAL
131304,POWER COUNTY HOSPITAL DISTRICT,2023-10,ID,Critical Access,Government - Hospital District or Authority,30.0,42.781858,-112.849047,HARMS MEMORIAL HOSPITAL
131305,STEELE MEMORIAL MEDICAL CENTER,2023-10,ID,Critical Access,Voluntary non-profit - Other,18.0,45.173311,-113.890918,
131307,WEISER MEMORIAL HOSPITAL,2023-10,ID,Critical Access,Government - Hospital District or Authority,19.0,44.248761,-116.961735,
131308,CASCADE MEDICAL CENTER,2023-10,ID,Critical Access,Government - Hospital District or Authority,8.0,44.517921,-116.048938,
131309,CARIBOU MEDICAL CENTER,2023-10,ID,Critical Access,Government - Local,48.0,42.652235,-111.613354,CARIBOU MEMORIAL HOSPITAL
131310,ST LUKE'S JEROME,2023-10,ID,Critical Access,Voluntary non-profit - Private,25.0,42.730293,-114.51849,
131311,ST LUKE'S ELMORE MEDICAL CENTER,2023-10,ID,Critical Access,Voluntary non-profit - Private,60.0,43.139199,-115.692487,
131312,ST LUKE'S MCCALL,2023-10,ID,Critical Access,Voluntary non-profit - Private,15.0,44.909354,-116.109703,
131313,TETON VALLEY HOSPITAL,2023-10,ID,Critical Access,Voluntary non-profit - Private,13.0,43.727285,-111.108608,
131314,SHOSHONE MEDICAL CENTER,2023-10,ID,Critical Access,Government - Hospital District or Authority,21.0,47.547123,-116.131409,
131315,SYRINGA GENERAL HOSPITAL,2023-10,ID,Critical Access,Government - Hospital District or Authority,15.0,45.926789,-116.126994,
131316,BEAR LAKE MEMORIAL HOSPITAL,2023-10,ID,Critical Access,Government - Local,4494.0,42.316242,-111.300847,
131317,BENEWAH COMMUNITY HOSPITAL,2023-10,ID,Critical Access,Government - Local,19.0,47.314613,-116.566678,
131318,VALOR HEALTH,2023-10,ID,Critical Access,Government - Local,14.0,43.879078,-116.485255,WALTER KNOX MEMORIAL HOSPITAL
131319,MINIDOKA MEMORIAL HOSPITAL,2023-10,ID,Critical Access,Government - Local,63.0,42.619625,-113.685362,
131320,CLEARWATER VALLEY HOSPITAL & CLINICS,2023-10,ID,Critical Access,Voluntary non-profit - Private,23.0,46.487315,-116.259916,
131321,ST MARYS HOSPITAL AND CLINICS,2023-10,ID,Critical Access,Voluntary non-profit - Private,25.0,46.050371,-116.351645,ST MARY'S HOSPITAL
131322,FRANKLIN COUNTY MEDICAL CENTER,2023-10,ID,Critical Access,Government - Local,57.0,42.098379,-111.875467,
131323,ST LUKE'S WOOD RIVER MEDICAL CENTER,2023-10,ID,Critical Access,Voluntary non-profit - Private,25.0,43.648473,-114.349018,
131324,LOST RIVERS MEDICAL CENTER,2023-10,ID,Critical Access,Government - Hospital District or Authority,17.0,43.640552,-113.296253,LOST RIVERS HOSPITAL
131325,BINGHAM MEMORIAL HOSPITAL,2023-10,ID,Critical Access,Voluntary non-profit - Private,90.0,43.192952,-112.347442,
131326,CASSIA REGIONAL HOSPITAL,2023-10,ID,Critical Access,Voluntary non-profit - Private,26.0,42.534204,-113.783419,CASSIA REGIONAL MEDICAL CENTER
131327,GRITMAN MEDICAL CENTER,2023-10,ID,Critical Access,Voluntary non-profit - Private,25.0,46.728704,-117.001406,
131328,BONNER GENERAL HOSPITAL,2023-10,ID,Critical Access,Voluntary non-profit - Private,25.0,48.277485,-116.550314,
270003,ST PETERS HEALTH,2023-10,MT,Acute Care,Voluntary non-profit - Private,125.0,,,ST PETER'S HEALTH | ST PETER'S HOSPITAL | ST PETERS HOSPITAL
270004,BILLINGS CLINIC,2023-10,MT,Acute Care,Voluntary non-profit - Private,288.0,45.790452,-108.51415,BILLINGS CLINIC HOSPITAL
270012,BENEFIS HOSPITALS INC,2023-10,MT,Acute Care,Voluntary non-profit - Private,488.0,47.491848,-111.262615,BENEFIS HEALTH SYSTEM
270014,ST. PATRICK HOSPITAL,2023-10,MT,Acute Care,Voluntary non-profit - Church,200.0,46.873905,-113.999891,ST PATRICK HOSPITAL | ST. PATRICK HOSPITAL AND HEALTH SCIENCES CENTER
270017,ST JAMES HEALTHCARE,2023-10,MT,Acute Care,Voluntary non-profit - Private,73.0,46.00928,-112.546068,
270023,COMMUNITY MEDICAL CENTER,2023-10,MT,Acute Care,Voluntary non-profit - Private,145.0,46.842062,-114.055919,COMMUNITY MEDICAL CENTER INC
270032,NORTHERN MONTANA HOSPITAL,2023-10,MT,Acute Care,Voluntary non-profit - Private,198.0,48.539326,-109.686363,
270049,ST VINCENT HEALTHCARE,2023-10,MT,Acute Care,Voluntary non-profit - Church,248.0,45.793166,-108.520281,
270051,LOGAN HEALTH MEDICAL CENTER,2023-10,MT,Acute Care,Voluntary non-profit - Private,292.0,48.215685,-114.324753,KALISPELL REGIONAL MEDICAL CENTER
270057,BOZEMAN HEALTH DEACONESS HOSPITAL,2023-10,MT,Acute Care,Voluntary non-profit - Private,89.0,45.670278,-111.017239,BOZEMAN DEACONESS HOSPITAL
270074,P H S INDIAN HOSPITAL AT BROWNING - BLACKFEET,2023-10,MT,Acute Care,Government - Federal,26.0,,,BLACKFEET COMMUNITY HOSPITAL-BROWNING
270086,GREAT FALLS CLINIC HOSPITAL,2023-10,MT,Acute Care,Proprietary,20.0,47.487737,-111.254561,GREAT FALLS CLINIC MEDICAL CENTER
270087,THE HEALTHCENTER,2022-01,MT,Acute Care,Proprietary,30.0,48.216208,-114.324047,HEALTH CENTER NORTHWEST
270089,BIG SKY MEDICAL CENTER,2020-10,MT,Acute Care,Voluntary non-profit - Private,4.0,,,
271300,POPLAR COMMUNITY HOSPITAL,2023-10,MT,Critical Access,Voluntary non-profit - Private,18.0,48.114957,-105.192124,
271301,FALLON MEDICAL COMPLEX HOSPITAL,2023-10,MT,Critical Access,Voluntary non-profit - Private,30.0,46.365532,-104.281553,
271302,DAHL MEMORIAL HEALTHCARE ASSOCIATION,2023-10,MT,Critical Access,Voluntary non-profit - Private,28.0,45.887724,-104.548785,DAHL MEMORIAL HEALTHCARE ASSOC
271303,GRANITE COUNTY MEDICAL CENTER,2023-10,MT,Critical Access,Government - Hospital District or Authority,25.0,46.332755,-113.294207,
271304,MISSOURI RIVER MEDICAL CENTER,2023-10,MT,Critical Access,Government - Hospital District or Authority,45.0,,,
271305,MCCONE COUNTY HEALTH CENTER,2023-10,MT,Critical Access,Voluntary non-profit - Private,26.0,47.418937,-105.581834,
271306,MOUNTAINVIEW MEDICAL CENTER,2023-10,MT,Critical Access,Voluntary non-profit - Private,25.0,46.548207,-110.904216,
271307,BENEFIS TETON MEDICAL CENTER,2023-10,MT,Critical Access,Voluntary non-profit - Private,39.0,47.81342,-112.192457,TETON MEDICAL CENTER
271308,ROOSEVELT MEDICAL CENTER,2023-10,MT,Critical Access,Voluntary non-profit - Private,27.0,48.151336,-104.515396,
271309,PRAIRIE COMMUNITY CAH,2023-10,MT,Critical Access,Government - Hospital District or Authority,22.0,46.791506,-105.315997,PRAIRIE COMMUNITY HOSPITAL
271310,GARFIELD COUNTY HEALTH CENTER,2023-10,MT,Critical Access,Government - Local,28.0,47.318524,-106.911328,
271311,BIG SANDY MEDICAL CENTER,2023-10,MT,Critical Access,Government - Hospital District or Authority,26.0,48.17908,-110.108217,
271312,PHILLIPS COUNTY HOSPITAL - CAH,2023-10,MT,Critical Access,Voluntary non-profit - Private,7.0,48.357098,-107.860356,PHILLIPS COUNTY MEDICAL CENTER
271313,PIONEER MEDICAL CENTER,2023-10,MT,Critical Access,Government - Local,39.0,45.82848,-109.952427,
271314,DEER LODGE MEDICAL CENTER - CAH,2023-10,MT,Critical Access,Voluntary non-profit - Private,18.0,46.412634,-112.72633,DEER LODGE MEDICAL CENTER
271315,P H S INDIAN HOSPITAL-FT BELKNAP AT HARLEM - CAH,2023-10,MT,Critical Access,Government - Federal,6.0,48.485189,-108.767001,
271316,FRANCES MAHON DEACONESS HOSPITAL,2023-10,MT,Critical Access,Voluntary non-profit - Private,25.0,48.189571,-106.636379,
271317,LIVINGSTON HEALTHCARE,2023-10,MT,Critical Access,Voluntary non-profit - Private,24.0,45.676043,-110.525425,
271318,BARRETT HOSPITAL & HEALTHCARE,2023-10,MT,Critical Access,Government - Hospital District or Authority,20.0,45.200654,-112.646003,BARRETT MEMORIAL HOSPITAL
271319,RUBY VALLEY MEDICAL CENTER,2023-10,MT,Critical Access,Government - Hospital District or Authority,9.0,45.452585,-112.191453,RUBY VALLEY HOSPITAL
271320,CABINET PEAKS MEDICAL CENTER,2023-10,MT,Critical Access,Voluntary non-profit - Private,25.0,48.392621,-115.546271,
271321,WHEATLAND MEMORIAL HOSPITAL,2023-10,MT,Critical Access,Voluntary non-profit - Private,25.0,46.437001,-109.840505,
271322,SHERIDAN MEMORIAL HOSPTIAL,2023-10,MT,Critical Access,Voluntary non-profit - Private,82.0,48.778677,-104.562998,
271323,CLARK FORK VALLEY HOSPITAL,2023-10,MT,Critical Access,Voluntary non-profit - Private,41.0,47.469539,-114.891908,
271324,PONDERA MEDICAL CENTER,2023-10,MT,Critical Access,Voluntary non-profit - Private,79.0,48.173917,-111.958677,
271325,ST LUKE COMMUNITY HOSPITAL,2023-10,MT,Critical Access,Voluntary non-profit - Private,100.0,47.528835,-114.106242,
271326,BEARTOOTH BILLINGS CLINIC,2023-10,MT,Critical Access,Voluntary non-profit - Private,11.0,45.211697,-109.243045,
271327,ROSEBUD HEALTH CARE CENTER,2023-10,MT,Critical Access,Voluntary non-profit - Private,52.0,46.271304,-106.670752,
271328,MARIAS MEDICAL CENTER,2023-10,MT,Critical Access,Government - Local,60.0,48.509604,-111.850493,
271329,MADISON VALLEY MEDICAL CENTER,2023-10,MT,Critical Access,Government - Hospital District or Authority,10.0,45.3514,-111.732567,
271330,STILLWATER BILLINGS CLINIC,2023-10,MT,Critical Access,Voluntary non-profit - Private,12.0,45.642686,-109.243178,
271331,MINERAL COMMUNITY HOSPITAL,2023-10,MT,Critical Access,Voluntary non-profit - Private,25.0,47.184726,-114.876579,
271332,GLENDIVE MEDICAL CENTER,2023-10,MT,Critical Access,Voluntary non-profit - Other,85.0,47.117226,-104.704953,
271333,BILLINGS CLINIC BROADWATER,2023-10,MT,Critical Access,Voluntary non-profit - Private,35.0,46.321354,-111.516428,BROADWATER HEALTH CENTER
271334,LIBERTY MEDICAL CENTER,2023-10,MT,Critical Access,Voluntary non-profit - Private,25.0,48.510497,-110.971834,
271335,COMMUNITY HOSPITAL OF ANACONDA,2023-10,MT,Critical Access,Voluntary non-profit - Private,87.0,46.133111,-112.956153,
271336,LOGAN HEALTH - WHITEFISH,2023-10,MT,Critical Access,Voluntary non-profit - Private,25.0,48.381032,-114.331326,NORTH VALLEY HOSPITAL
271337,NORTHERN ROCKIES MEDICAL CENTER,2023-10,MT,Critical Access,Voluntary non-profit - Private,20.0,48.62878,-112.326345,
271338,BIG HORN CO MEMORIAL HOSPITAL,2023-10,MT,Critical Access,Government - Local,24.0,45.728856,-107.61701,BIG HORN HOSPITAL
271339,P H S INDIAN HOSPITAL CROW / NORTHERN CHEYENNE,2023-10,MT,Critical Access,Government - Federal,24.0,,,
271340,BITTERROOT HEALTH - DALY HOSPITAL,2023-10,MT,Critical Access,Voluntary non-profit - Private,30.0,46.247158,-114.171365,MARCUS DALY MEMORIAL HOSPITAL - CAH
271341,TRINITY HOSPITAL,2023-10,MT,Critical Access,Voluntary non-profit - Private,82.0,48.100893,-105.641138,
271342,DANIELS MEMORIAL HOSPITAL,2023-10,MT,Critical Access,Government - Hospital District or Authority,42.0,48.788624,-105.418587,
271343,PROVIDENCE ST JOSEPH MEDICAL CENTER,2023-10,MT,Critical Access,Voluntary non-profit - Private,22.0,47.683344,-114.163327,
271344,SIDNEY HEALTH CENTER,2023-10,MT,Critical Access,Voluntary non-profit - Private,115.0,47.715839,-104.174171,
271345,CENTRAL MONTANA MEDICAL CENTER,2023-10,MT,Critical Access,Voluntary non-profit - Private,60.0,47.058464,-109.442243,
271346,ROUNDUP MEMORIAL HEALTHCARE,2023-10,MT,Critical Access,Government - Hospital District or Authority,25.0,46.45335,-108.546333,
271347,HOLY ROSARY HEALTHCARE,2023-10,MT,Critical Access,Voluntary non-profit - Church,109.0,46.397355,-105.827837,
271389,BIG SKY MEDICAL CENTER,2023-10,MT,Critical Access,Voluntary non-profit - Private,5.0,45.2608,-111.300738,
500001,UW MEDICINE/NORTHWEST HOSPITAL,2021-10,WA,Acute Care,Voluntary non-profit - Other,201.0,47.712263,-122.335936,NORTHWEST HOSPITAL | NORTHWEST HOSPITAL & MEDICAL CENTER
500002,PROVIDENCE ST MARY MEDICAL CENTER,2023-10,WA,Acute Care,Voluntary non-profit - Private,98.0,46.06294,-118.343136,
500003,SKAGIT VALLEY HOSPITAL,2023-10,WA,Acute Care,Government - Hospital District or Authority,136.0,48.417422,-122.324335,
500005,VIRGINIA MASON MEDICAL CENTER,2023-10,WA,Acute Care,Voluntary non-profit - Private,267.0,47.610179,-122.327809,
500007,ISLAND HOSPITAL,2023-10,WA,Acute Care,Government - Hospital District or Authority,42.0,48.502883,-122.615825,
500008,UNIVERSITY OF WASHINGTON MEDICAL CTR,2023-10,WA,Acute Care,Government - State,466.0,47.650506,-122.307482,
500011,HIGHLINE MEDICAL CENTER,2023-10,WA,Acute Care,Voluntary non-profit - Private,164.0,47.456778,-122.341455,
500012,ASTRIA REGIONAL MEDICAL CENTER,2020-10,WA,Acute Care,Proprietary,138.0,46.597985,-120.521096,"YAKIMA HMA, INC. D/B/A YAKIMA REGIONAL MEDICAL AND CARDIAC CENTER | YAKIMA REGIONAL MEDICAL AND CARDIAC CENTER"
500014,PROVIDENCE REGIONAL MEDICAL CENTER EVERETT,2023-10,WA,Acute Care,Voluntary non-profit - Church,505.0,48.000086,-122.207979,
500015,MULTICARE AUBURN MEDICAL CENTER,2023-10,WA,Acute Care,Voluntary non-profit - Private,146.0,47.309343,-122.229833,AUBURN REGIONAL MEDICAL CENTER
500016,CENTRAL WASHINGTON HOSPITAL,2023-10,WA,Acute Care,Voluntary non-profit - Private,190.0,47.407963,-120.324593,
500019,PROVIDENCE CENTRALIA HOSPITAL,2023-10,WA,Acute Care,Voluntary non-profit - Other,106.0,46.71235,-122.986989,
500021,ST CLARE HOSPITAL,2023-10,WA,Acute Care,Voluntary non-profit - Church,100.0,47.154213,-122.504495,SAINT CLARE HOSPITAL
500024,PROVIDENCE ST PETER HOSPITAL,2023-10,WA,Acute Care,Voluntary non-profit - Private,324.0,47.052791,-122.844369,
500025,SWEDISH MEDICAL CENTER / CHERRY HILL,2023-10,WA,Acute Care,Voluntary non-profit - Church,207.0,47.606221,-122.310249,SWEDISH MEDICAL CENTER - CHERRY HILL | SWEDISH MEDICAL CENTER/CHERRY HILL
500026,SWEDISH EDMONDS HOSPITAL,2023-10,WA,Acute Care,Voluntary non-profit - Private,168.0,47.802884,-122.33569,
500027,SWEDISH MEDICAL CENTER,2023-10,WA,Acute Care,Voluntary non-profit - Private,666.0,47.60924,-122.320767,SWEDISH MEDICAL CENTER - FIRST HILL/BALLARD
500030,ST JOSEPH HOSPITAL,2023-10,WA,Acute Care,Voluntary non-profit - Other,244.0,48.772278,-122.474878,PEACEHEALTH ST JOSEPH MEDICAL CENTER | ST JOSEPH HOSPITAL/PEACEHEALTH | ST JOSEPH MEDICAL CENTER
500031,GRAYS HARBOR COMMUNITY HOSPITAL,2023-10,WA,Acute Care,Voluntary non-profit - Private,83.0,46.9796,-123.846387,
500033,SAMARITAN HOSPITAL,2023-10,WA,Acute Care,Government - Hospital District or Authority,47.0,47.131115,-119.264735,
500036,YAKIMA VALLEY MEMORIAL,2023-10,WA,Acute Care,Voluntary non-profit - Private,235.0,46.592727,-120.550396,VIRGINIA MASON MEMORIAL | YAKIMA VALLEY MEMORIAL HOSPITAL
500037,ASTRIA TOPPENISH HOSPITAL,2023-10,WA,Acute Care,Proprietary,39.0,46.37135,-120.316682,TOPPENISH COMMUNITY HOSPITAL
500039,HARRISON MEDICAL CENTER,2023-10,WA,Acute Care,Voluntary non-profit - Private,274.0,47.583429,-122.62601,HARRISON MEMORIAL CENTER | HARRISON MEMORIAL HOSPITAL
500041,PEACEHEALTH ST JOHN MEDICAL CENTER,2023-10,WA,Acute Care,Voluntary non-profit - Church,170.0,46.130992,-122.941192,PEACHEALTH ST JOHN MEDICAL CENTER
500044,DEACONESS MEDICAL CENTER,2023-10,WA,Acute Care,Voluntary non-profit - Private,285.0,,,DEACONESS HOSPITAL | MULTICARE DEACONESS HOSPITAL
500049,WALLA WALLA GENERAL HOSPITAL,2018-10,WA,Acute Care,Voluntary non-profit - Church,36.0,,,
500050,PEACEHEALTH SOUTHWEST MEDICAL CENTER,2023-10,WA,Acute Care,Voluntary non-profit - Private,410.0,45.623486,-122.580636,
500051,OVERLAKE HOSPITAL MEDICAL CENTER,2023-10,WA,Acute Care,Voluntary non-profit - Other,298.0,,,
500052,KAISER PERMANENTE CENTRAL HOSPITAL,2023-10,WA,Acute Care,Voluntary non-profit - Other,26.0,47.619731,-122.311413,GROUP HEALTH CENTRAL HOSPITAL
500053,TRIOS HEALTH,2023-10,WA,Acute Care,Government - Hospital District or Authority,111.0,46.198875,-119.118463,KENNEWICK GENERAL HOSPITAL | TRIOS
500054,PROV SACRED HRT MED CTR & CHILDS HOSP.,2023-10,WA,Acute Care,Voluntary non-profit - Church,639.0,47.64831,-117.412168,PROVIDENCE SACRED HEART MEDICAL CENTER
500058,KADLEC REGIONAL MEDICAL CENTER,2023-10,WA,Acute Care,Voluntary non-profit - Private,260.0,46.280462,-119.281121,
500060,CASCADE VALLEY HOSPITAL,2023-10,WA,Acute Care,Government - Hospital District or Authority,48.0,48.189802,-122.117589,
500064,HARBORVIEW MEDICAL CENTER,2023-10,WA,Acute Care,Government - Local,414.0,47.604084,-122.323372,
500072,OLYMPIC MEDICAL CENTER,2023-10,WA,Acute Care,Government - Local,78.0,48.114635,-123.414084,
500077,PROVIDENCE HOLY FAMILY HOSPITAL,2023-10,WA,Acute Care,Voluntary non-profit - Church,182.0,47.709751,-117.405904,
500079,MULTICARE GOOD SAMARITAN HOSPITAL,2023-10,WA,Acute Care,Voluntary non-profit - Private,309.0,47.177411,-122.289468,
500084,EVERGREENHEALTH MONROE,2023-10,WA,Acute Care,Government - Hospital District or Authority,29.0,47.863727,-121.990624,EVERGREEN HEALTH MONROE | VALLEY GENERAL HOSPITAL
500088,VALLEY MEDICAL CENTER,2023-10,WA,Acute Care,Government - Hospital District or Authority,294.0,47.441094,-122.214251,
500108,ST JOSEPH MEDICAL CENTER,2023-10,WA,Acute Care,Voluntary non-profit - Church,351.0,47.245469,-122.448757,
500119,MULTICARE VALLEY HOSPITAL,2023-10,WA,Acute Care,Proprietary,120.0,47.671647,-117.235868,VALLEY HOSPITAL | VALLEY HOSPITAL AND MEDICAL CENTER
500124,EVERGREENHEALTH MEDICAL CENTER,2023-10,WA,Acute Care,Government - Hospital District or Authority,326.0,47.714872,-122.178506,EVERGREEN HOSPITAL MEDICAL CENTER
500129,TACOMA GENERAL ALLENMORE HOSPITAL,2023-10,WA,Acute Care,Voluntary non-profit - Private,371.0,,,
500138,SEATTLE CANCER CARE ALLIANCE,2015-07,WA,Acute Care,Voluntary non-profit - Other,20.0,,,
500139,CAPITAL MEDICAL CENTER,2023-10,WA,Acute Care,Voluntary non-profit - Private,108.0,47.041666,-122.951446,
500141,ST FRANCIS COMMUNITY HOSPITAL,2023-10,WA,Acute Care,Voluntary non-profit - Church,123.0,47.292106,-122.322951,
500148,CONFLUENCE HEALTH- WENATCHEE VALLEY HOSP & CLINICS,2023-10,WA,Acute Care,Voluntary non-profit - Private,20.0,47.433566,-120.321983,WENATCHEE VALLEY HOSPITAL
500150,LEGACY SALMON CREEK MEDICAL CENTER,2023-10,WA,Acute Care,Voluntary non-profit - Private,165.0,45.721823,-122.649899,LEGACY SALMON CREEK HOSPITAL
500151,ST ANTHONY HOSPITAL,2023-10,WA,Acute Care,Voluntary non-profit - Church,93.0,47.365033,-122.615063,
500152,SWEDISH ISSAQUAH,2023-10,WA,Acute Care,Voluntary non-profit - Private,116.0,47.536553,-122.02205,
500154,MULTICARE COVINGTON MEDICAL CENTER,2023-10,WA,Acute Care,Voluntary non-profit - Private,47.0,47.358063,-122.104227,
501301,GARFIELD COUNTY PUBLIC HOSPITAL DISTRICT #1,2023-10,WA,Critical Access,Government - Hospital District or Authority,28.0,46.475183,-117.602551,GARFIELD COUNTY MEMORIAL HOSPITAL
501302,DAYTON GENERAL HOSPITAL,2023-10,WA,Critical Access,Government - Hospital District or Authority,53.0,46.312564,-117.968872,
501303,WILLAPA HARBOR HOSPITAL,2023-10,WA,Critical Access,Government - Hospital District or Authority,10.0,46.662164,-123.812317,
501304,SUMMIT PACIFIC MEDICAL CENTER,2023-10,WA,Critical Access,Government - Hospital District or Authority,10.0,47.006623,-123.391022,SUMMIT PACIFIC MEDICAL CENTER-SWING BED UNIT
501305,LINCOLN HOSPITAL,2023-10,WA,Critical Access,Government - Hospital District or Authority,30.0,,,
501307,ODESSA MEMORIAL HEALTHCARE CENTER,2023-10,WA,Critical Access,Government - Hospital District or Authority,37.0,47.331592,-118.6821,
501308,COULEE MEDICAL CENTER,2023-10,WA,Critical Access,Government - Hospital District or Authority,25.0,47.942382,-119.005555,COULEE COMMUNITY HOSPITAL
501309,PROVIDENCE ST JOSEPH HOSPITAL,2023-10,WA,Critical Access,Voluntary non-profit - Church,52.0,48.278213,-117.710846,
501310,NEWPORT COMMUNITY HOSPITAL,2023-10,WA,Critical Access,Government - Hospital District or Authority,61.0,48.18217,-117.04842,
501311,EAST ADAMS RURAL HOSPITAL,2023-10,WA,Critical Access,Government - Hospital District or Authority,9.0,47.120959,-118.372258,
501312,PROSSER MEMORIAL HOSPITAL,2023-10,WA,Critical Access,Government - Hospital District or Authority,25.0,46.20763,-119.763502,
501313,CASCADE MEDICAL CENTER,2023-10,WA,Critical Access,Government - Hospital District or Authority,9.0,47.594457,-120.661503,
501314,OCEAN BEACH HOSPITAL,2023-10,WA,Critical Access,Government - Hospital District or Authority,24.0,46.311696,-124.043352,
501315,SKYLINE HOSPITAL,2023-10,WA,Critical Access,Government - Hospital District or Authority,17.0,45.722474,-121.469921,
501316,KLICKITAT VALLEY HOSPITAL,2023-10,WA,Critical Access,Government - Hospital District or Authority,21.0,45.820239,-120.812299,
501317,COLUMBIA BASIN HOSPITAL,2023-10,WA,Critical Access,Government - Hospital District or Authority,72.0,47.315742,-119.548125,
501318,OTHELLO COMMUNITY HOSPITAL,2023-10,WA,Critical Access,Government - Hospital District or Authority,16.0,46.830363,-119.154363,
501319,ARBOR HEALTH MORTON HOSPITAL,2023-10,WA,Critical Access,Government - Local,25.0,46.555953,-122.279878,MORTON GENERAL HOSPITAL | MORTON SWING BED
501320,QUINCY VALLEY MEDICAL CENTER,2023-10,WA,Critical Access,Government - Hospital District or Authority,20.0,47.230954,-119.869181,QUINCY VALLEY HOSPITAL
501321,NORTH VALLEY HOSPITAL,2023-10,WA,Critical Access,Government - Hospital District or Authority,21.0,48.706819,-119.439597,
501322,FERRY COUNTY MEMORIAL HOSPITAL,2023-10,WA,Critical Access,Government - Hospital District or Authority,25.0,48.652745,-118.733177,
501323,JEFFERSON HEALTHCARE,2023-10,WA,Critical Access,Government - Hospital District or Authority,25.0,48.105539,-122.790285,JEFFERSON HEALTHCARE HOSPITAL
501324,THREE RIVERS HOSPITAL,2023-10,WA,Critical Access,Government - Hospital District or Authority,25.0,48.106824,-119.782686,
501325,FORKS COMMUNITY HOSPITAL,2023-10,WA,Critical Access,Government - Hospital District or Authority,38.0,47.946356,-124.393471,
501326,PROVIDENCE MOUNT CARMEL HOSPITAL,2023-10,WA,Critical Access,Voluntary non-profit - Church,25.0,48.541303,-117.892385,
501327,WHITMAN HOSPITAL AND MEDICAL CENTER,2023-10,WA,Critical Access,Government - Hospital District or Authority,25.0,46.868919,-117.375012,
501328,MID VALLEY HOSPITAL,2023-10,WA,Critical Access,Government - Hospital District or Authority,25.0,48.396527,-119.545328,
501329,PEACEHEALTH UNITED GENERAL MEDICAL CENTER,2023-10,WA,Critical Access,Government - Hospital District or Authority,27.0,48.495516,-122.275287,
501330,ASTRIA SUNNYSIDE HOSPITAL,2023-10,WA,Critical Access,Voluntary non-profit - Private,25.0,46.322218,-120.006966,SUNNYSIDE COMMUNITY HOSPITAL
501331,PULLMAN REGIONAL HOSPITAL,2023-10,WA,Critical Access,Government - Hospital District or Authority,25.0,46.713462,-117.169846,
501332,TRI-STATE MEMORIAL HOSPITAL,2023-10,WA,Critical Access,Voluntary non-profit - Private,25.0,46.403638,-117.054507,
501333,KITTITAS VALLEY COMMUNITY HOSPITAL,2023-10,WA,Critical Access,Government - Hospital District or Authority,26.0,46.987688,-120.536761,
501334,LAKE CHELAN COMMUNITY HOSPITAL,2023-10,WA,Critical Access,Government - Hospital District or Authority,24.0,47.845139,-120.010511,
501335,ST ELIZABETH HOSPITAL,2023-10,WA,Critical Access,Voluntary non-profit - Private,25.0,47.208417,-121.988157,
501336,MASON GENERAL HOSPITAL & FAMILY OF CLINICS,2023-10,WA,Critical Access,Government - Hospital District or Authority,25.0,47.226742,-123.115279,
501337,LOURDES MEDICAL CENTER,2023-10,WA,Critical Access,Voluntary non-profit - Church,35.0,46.235026,-119.094436,
501338,SNOQUALMIE VALLEY HOSPITAL,2023-10,WA,Critical Access,Government - Hospital District or Authority,26.0,47.512309,-121.885917,
501339,WHIDBEYHEALTH MEDICAL CENTER,2023-10,WA,Critical Access,Government - Hospital District or Authority,25.0,48.21424,-122.686122,WHIDBEY GENERAL HOSPITAL
501340,PEACEHEALTH PEACE ISLAND MEDICAL CENTER,2023-10,WA,Critical Access,Voluntary non-profit - Private,10.0,48.529857,-123.028171,
503300,SEATTLE CHILDREN'S HOSPITAL,2023-10,WA,Childrens,Voluntary non-profit - Private,320.0,47.664504,-122.283169,
503301,MARY BRIDGE CHILDREN'S HOSPITAL,2023-10,WA,Childrens,Voluntary non-profit - Other,82.0,,,
503302,SHRINERS HOSPITAL FOR CHILDREN,2023-10,WA,Childrens,Voluntary non-profit - Private,,47.651398,-117.425957,
530002,CAMPBELL COUNTY HEALTH,2023-10,WY,Acute Care,Government - Hospital District or Authority,225.0,44.289846,-105.519557,CAMPBELL COUNTY MEMORIAL HOSPITAL
530006,SHERIDAN MEMORIAL HOSPITAL,2023-10,WY,Acute Care,Government - Local,68.0,44.807425,-106.97557,
530008,SAGEWEST HEALTH CARE,2023-10,WY,Acute Care,Proprietary,124.0,43.033667,-108.418654,RIVERTON MEMORIAL HOSPITAL
530010,LANDER REGIONAL HOSPITAL,2015-07,WY,Acute Care,Proprietary,88.0,,,SAGEWEST HEALTH CARE-LANDER
530011,MEMORIAL HOSPITAL SWEETWATER COUNTY,2023-10,WY,Acute Care,Government - Local,68.0,41.58406,-109.233578,MEMORIAL HOSPITAL OF SWEETWATER COUNTY
530012,WYOMING MEDICAL CENTER,2023-10,WY,Acute Care,Government - Local,194.0,42.848718,-106.308753,
530014,CHEYENNE REGIONAL MEDICAL CENTER,2023-10,WY,Acute Care,Voluntary non-profit - Other,222.0,41.139789,-104.817036,
530015,ST JOHNS MEDICAL CENTER,2023-10,WY,Acute Care,Government - Hospital District or Authority,162.0,43.479695,-110.749986,
530025,IVINSON MEMORIAL HOSPITAL,2023-10,WY,Acute Care,Government - Hospital District or Authority,87.0,41.31139,-105.557512,
530032,EVANSTON REGIONAL HOSPITAL,2023-10,WY,Acute Care,Proprietary,32.0,41.242214,-110.991336,
530033,MOUNTAIN VIEW REGIONAL HOSPITAL,2019-10,WY,Acute Care,Proprietary,23.0,,,
530034,SUMMIT MEDICAL CENTER,2023-10,WY,Acute Care,Physician,16.0,42.840846,-106.231796,
530035,ASPEN MOUNTAIN MEDICAL CENTER,2020-10,WY,Acute Care,Proprietary,,41.603187,-109.247917,
531301,SOUTH BIG HORN COUNTY HOSPITAL,2023-10,WY,Critical Access,Government - Hospital District or Authority,45.0,44.434449,-108.049007,SOUTH BIG HORN COUNTY CRITICAL ACCESS HOSPITAL
531302,MEMORIAL HOSPITAL OF CONVERSE COUNTY,2023-10,WY,Critical Access,Voluntary non-profit - Other,25.0,42.758805,-105.381279,
531303,WESTON COUNTY HEALTH SERVICES,2023-10,WY,Critical Access,Government - Hospital District or Authority,71.0,43.848747,-104.188756,
531304,HOT SPRINGS COUNTY MEMORIAL HOSPITAL,2023-10,WY,Critical Access,Government - Local,22.0,43.647432,-108.19959,
531305,PLATTE COUNTY MEMORIAL HOSPITAL,2023-10,WY,Critical Access,Government - Local,25.0,42.04981,-104.960221,
531306,WASHAKIE MEDICAL CENTER,2023-10,WY,Critical Access,Government - Local,22.0,44.013556,-107.948409,
531307,COMMUNITY HOSPITAL,2023-10,WY,Critical Access,Voluntary non-profit - Private,25.0,42.081765,-104.191509,
531308,JOHNSON COUNTY HEALTHCARE CENTER,2023-10,WY,Critical Access,Government - Hospital District or Authority,68.0,44.349788,-106.707248,
531309,NORTH BIG HORN HOSPITAL DISTRICT,2023-10,WY,Critical Access,Government - Hospital District or Authority,99.0,44.825799,-108.390688,
531310,POWELL VALLEY HOSPITAL,2023-10,WY,Critical Access,Government - Hospital District or Authority,125.0,44.756622,-108.770547,
531311,CROOK COUNTY HOSPITAL,2023-10,WY,Critical Access,Government - Hospital District or Authority,48.0,44.40883,-104.373596,CROOK COUNTY MEMORIAL HOSPITAL
531312,CODY REGIONAL HEALTH,2023-10,WY,Critical Access,Government - Hospital District or Authority,126.0,44.526071,-109.073576,WEST PARK HOSPITAL DISTRICT
531313,STAR VALLEY MEDICAL CENTER,2023-10,WY,Critical Access,Government - Hospital District or Authority,45.0,42.71725,-110.931461,
531314,NIOBRARA COUNTY HOSPITAL DISTRICT,2023-10,WY,Critical Access,Government - Hospital District or Authority,24.0,42.753278,-104.446083,NIOBRARA HEALTH & LIFE CENTER
531315,SOUTH LINCOLN MEDICAL CENTER - CAH,2023-10,WY,Critical Access,Government - Hospital District or Authority,38.0,41.78958,-110.540607,
531316,MEMORIAL HOSPITAL OF CARBON COUNTY,2023-10,WY,Critical Access,Government - Local,25.0,41.786763,-107.260673,
